h,eL2,eH1
0.2,0.0307399,1.29934
0.1,0.0048952,0.374516
0.05,0.00063492,0.0957485
0.025,8.13069e-05,0.0242871
